{"id":"b1323061-0d16-11eb-a554-b46bfcd9c998","name":"loanRequest","key":"loanRequest","description":"","editorJson":{"name":"loanRequest","key":"loanRequest","version":0,"fields":[{"fieldType":"OptionFormField","id":"nationality","name":"Nationality","type":"dropdown","value":"Please choose one...","required":false,"readOnly":false,"overrideId":false,"placeholder":null,"layout":null,"optionType":null,"hasEmptyValue":true,"options":[{"id":null,"name":"Please choose one..."},{"id":null,"name":"Slovak"},{"id":null,"name":"Polish"},{"id":null,"name":"Swiss"}],"optionsExpression":null},{"fieldType":"OptionFormField","id":"age","name":"Age","type":"dropdown","value":"Please choose one...","required":false,"readOnly":false,"overrideId":false,"placeholder":null,"layout":null,"optionType":null,"hasEmptyValue":true,"options":[{"id":null,"name":"Please choose one..."},{"id":null,"name":"20-30"},{"id":null,"name":"30-40"},{"id":null,"name":"40-50"},{"id":null,"name":"50-60"},{"id":null,"name":"60-"}],"optionsExpression":null},{"fieldType":"OptionFormField","id":"monthlyincome","name":"Monthly income","type":"dropdown","value":"Please choose one...","required":false,"readOnly":false,"overrideId":false,"placeholder":null,"layout":null,"optionType":null,"hasEmptyValue":true,"options":[{"id":null,"name":"Please choose one..."},{"id":null,"name":"0-500"},{"id":null,"name":"500-2000"},{"id":null,"name":"2000-5000"},{"id":null,"name":"5000-"}],"optionsExpression":null},{"fieldType":"FormField","id":"requestedamount","name":"Requested amount","type":"integer","value":null,"required":false,"readOnly":false,"overrideId":false,"placeholder":null,"layout":null}],"outcomes":[]}}